1,08Q9Q0QHmI6v6qCcZtI0w7,The Jesus and Mary Chain,Stoned And Dethroned (Expanded Version),God Help Me,https://cdns-preview-e.dzcdn.net/stream/c-ed7640f51cfcd1c3d913de382d2d332e-5.mp3,
2,0Ni2KG9p9VswCU9IF4sUqd,The Jesus and Mary Chain,Automatic,Between Planets,https://p.scdn.co/mp3-preview/9327e136794802c78800ec47d1635b21e4dc31bc?cid=d8a5ed958d274c2e8ee717e6a4b0971d,
3,0TO9ClOkdybMjOQ1oPMmFb,The Jesus and Mary Chain,Darklands,Down On Me,https://p.scdn.co/mp3-preview/5f74c0448c3887730989c4015f3b759f47b0effd?cid=d8a5ed958d274c2e8ee717e6a4b0971d,
4,0TeyV2MFkfC7bFgUEZg2Pc,New Order,Brotherhood [Collector's Edition],As It Is When It Was,https://p.scdn.co/mp3-preview/28b42f3ce37217727b63af6e09716e19009c619d?cid=d8a5ed958d274c2e8ee717e6a4b0971d,
5,0vrPhkIIXeWnRbQMh7JjwV,The Jesus and Mary Chain,Honey's Dead (Expanded Version),Rollercoaster,https://cdns-preview-8.dzcdn.net/stream/c-8971db489843993d38b7bb23b2deea6a-6.mp3,
6,11sxpJrfYJFxkA77PauDj4,The Jesus and Mary Chain,Stoned And Dethroned (Expanded Version),Sometimes Always,,
7,1LwP9g1Hjbs64jXM2Qsxry,The Jesus and Mary Chain,Just Like Honey,Just Like Honey,,
8,1b7YIhJabGIr8crHYbZ6Q7,The Jesus and Mary Chain,Stoned And Dethroned (Expanded Version),Never Saw It Coming,https://cdns-preview-6.dzcdn.net/stream/c-63bc001828a3249985a7040bb634f884-5.mp3,
9,1gsQmDnyXfq6jPIXYCPKHB,New Order,Low-life,Love Vigilantes - 2015 Remastered Version,https://p.scdn.co/mp3-preview/45552887f4626ba023a4ba9fe60a4d07f8dcc68e?cid=d8a5ed958d274c2e8ee717e6a4b0971d,
10,211pLDI13u8bfVEtEJXg8V,The Jesus and Mary Chain,Stoned And Dethroned (Expanded Version),Come On,https://p.scdn.co/mp3-preview/253b9025c7e9b277b5b7c25ab74eae2d68f91b62?cid=d8a5ed958d274c2e8ee717e6a4b0971d,
11,276wRuJqtbopN2shpSa8zU,The Jesus and Mary Chain,Honey's Dead (Expanded Version),Almost Gold,https://p.scdn.co/mp3-preview/c599427f2919204eff02e2502151b5e79d1349f9?cid=d8a5ed958d274c2e8ee717e6a4b0971d,
12,2lK2tSydPFMJpClaQtEdrA,The Jesus and Mary Chain,Darklands,Happly Place,https://cdns-preview-8.dzcdn.net/stream/c-8664fb0ca293e388d1ae9deafa4ffd58-6.mp3,
13,2o6ZeOeqHLgctYICdE4mjN,The Jesus and Mary Chain,Honey's Dead (Expanded Version),Sundown,https://cdns-preview-8.dzcdn.net/stream/c-8faad74320235aeb898622c6481cd856-5.mp3,
14,31vA9WpBb1DQAP899kumlQ,The Jesus and Mary Chain,Darklands,On The Wall,https://p.scdn.co/mp3-preview/105e84683c2bc6cc926be78e29f08ee559e6d0e0?cid=d8a5ed958d274c2e8ee717e6a4b0971d,
15,325ipyWkzIGakH2DJgDlOT,The Jesus and Mary Chain,Happy When it Rains,Happy When it Rains,,
16,32TKQVwtSGCHIqmbmaNdFj,New Order,Movement,Dreams Never End - 2015 Remastered Version,,
17,3D6ascwycdlxQ17H6PtfTa,The Jesus and Mary Chain,Darklands,Deep One Perfect Morning,,
18,3TxEWHBgDc27bhXSz4GaKM,The Jesus and Mary Chain,Stoned And Dethroned (Expanded Version),Dirty Water,https://p.scdn.co/mp3-preview/43d1ab3dfab43a02f22570414a52c2151d9be401?cid=d8a5ed958d274c2e8ee717e6a4b0971d,
19,3l9fPHeEQ8glGIwWCjlRvW,The Jesus and Mary Chain,Honey's Dead (Expanded Version),I Can't Get Enough,https://cdns-preview-3.dzcdn.net/stream/c-3d9a5f902daeee7b5110c52bb30e4f9f-5.mp3,
20,40vxDAueOakeH7tcAiD6Si,The Jesus and Mary Chain,Stoned And Dethroned (Expanded Version),Between Us,https://cdns-preview-7.dzcdn.net/stream/c-79729e39fb4a3af7c03d2c58bc7225e5-5.mp3,
21,4QoMc8pDh10RmsNPWKumUE,The Jesus and Mary Chain,Honey's Dead (Expanded Version),Tumbledown,https://cdns-preview-c.dzcdn.net/stream/c-c297ade4547e1723a31cd145f4055f74-5.mp3,
22,5a5fcbvuMsxn8TNr48tTcd,The Jesus and Mary Chain,Darklands,Everything's Alright When You're Down,https://cdns-preview-0.dzcdn.net/stream/c-0126d33c8771e96cc55e46efb1c5083c-5.mp3,
23,642su92kYesZdpeTIkq2A9,The Jesus and Mary Chain,Stoned And Dethroned (Expanded Version),She,https://cdns-preview-0.dzcdn.net/stream/c-0d0c7d6cea9a85ca98280cc55c9b9c65-5.mp3,
24,6FjQDNrlAzhw2REqMVuSpw,The 1975,Medicine,Medicine,https://p.scdn.co/mp3-preview/c1ff460583dd563f346651a85ad16fd9bf0350ed?cid=d8a5ed958d274c2e8ee717e6a4b0971d,
25,6Jk956wwgt4ES4CoC4Cygz,The Jesus and Mary Chain,Stoned And Dethroned (Expanded Version),Wish I Could,https://cdns-preview-b.dzcdn.net/stream/c-bb75cbf2564bcb4a5cce74fb0a03d72e-5.mp3,
26,6KzKKw1UDr4aMjIWFaMFgI,The Jesus and Mary Chain,Honey's Dead (Expanded Version),Sugar Ray,https://cdns-preview-e.dzcdn.net/stream/c-ecf00185223f4ea8c53fe05f97ca410c-4.mp3,
27,6NhI4OAMkDJy6Fo25QzTdO,The Jesus and Mary Chain,Honey's Dead (Expanded Version),Catchfire,https://cdns-preview-8.dzcdn.net/stream/c-8d14b9589f4e951b68097c36dc7dfbe4-5.mp3,
28,6tLF3toLOqEJWqK0hXP0Rh,The Jesus and Mary Chain,Honey's Dead (Expanded Version),Tower of Song - Single Version,https://p.scdn.co/mp3-preview/64171659db18581ecf4f51af3f63995bd3aca709?cid=d8a5ed958d274c2e8ee717e6a4b0971d,
29,74fLpgpdOHDz14DUQGfzwR,The Jesus and Mary Chain,Automatic,Blues From A Gun,https://p.scdn.co/mp3-preview/639befba1c49c0388ad2d8e467cf0931e6e6ff5b?cid=d8a5ed958d274c2e8ee717e6a4b0971d,
30,7hs0Q5T9oyYMuGg4EQZenj,The Jesus and Mary Chain,Darklands,April Skies,,
31,7lms9ggtsnqSsMpwoHRuuv,The Jesus and Mary Chain,Darklands,Surfin' USA - April Outtake,https://cdns-preview-5.dzcdn.net/stream/c-58890adb1b8ff2d2f24ddf119c953597-4.mp3,
32,7r1i1TZUGZQDxR5QHX4Mmx,The Jesus and Mary Chain,Darklands,Darklands,,
33,17ysfQVxV4lHvHABRdPNdF,The Jesus and Mary Chain,Stoned And Dethroned (Expanded Version),Bullet Lovers,https://cdns-preview-d.dzcdn.net/stream/c-d05d5cf2fc72749613853d8c374483ca-5.mp3,
34,2BFR33eXyofZmldmldl9ar,The Jesus and Mary Chain,Stoned And Dethroned (Expanded Version),Save Me,https://cdns-preview-d.dzcdn.net/stream/c-d89f0392df3dd380c935107d9f1cf1a1-5.mp3,
35,3ng5sJTUto49w4oi1wTXaO,The Jesus and Mary Chain,Darklands,Cherry Came Too,https://p.scdn.co/mp3-preview/5ab17cf97c2bcc4e16e8b10d2c5272c29cf2e332?cid=d8a5ed958d274c2e8ee717e6a4b0971d,
36,5kXeE3qkLmvAn9E4sMJp2c,The Jesus and Mary Chain,Munki,I Hate Rock 'N' Roll,https://cdns-preview-a.dzcdn.net/stream/c-a35fed9943185662987e2e8e71f05ad1-7.mp3,
37,7ayocCarXTz9sUTXAH7cgO,The Jesus and Mary Chain,Darklands,About You,,
38,0AICBlLzFCTpUqmAbtzB2z,Trippie Redd,A Love Letter To You,Love Scars,https://p.scdn.co/mp3-preview/2ebf3cc35dff91425abba2c1d1cdb14669d28b00?cid=d8a5ed958d274c2e8ee717e6a4b0971d,
39,0jF2AdhsalO1L7KkhK4LE5,Drake,Take Care (Deluxe),Practice,https://p.scdn.co/mp3-preview/ab284ccf3f1a6a39cda06e6eaf2b12bdc13f81a7?cid=f6a40776580943a7bc5173125a1e8832,
40,0r0K2zyk5vwNWvWcaRxHpE,Jordo,Paris,Paris,,
41,1JUvB8LRKYoik4BB1bEJWK,Majid Jordan,Majid Jordan,My Love (feat. Drake),https://p.scdn.co/mp3-preview/04287ba3d58f6c05e61ac39b05be4aecc3805495?cid=d8a5ed958d274c2e8ee717e6a4b0971d,
42,1MQ8ydvrTnn2QJgXFATJvD,6LACK,FREE 6LACK,Ex Calling,https://p.scdn.co/mp3-preview/39aebc21e22bca451005ee1c9a52a649d6a9d65b?cid=d8a5ed958d274c2e8ee717e6a4b0971d,
43,1oTo3ijRbaDAtrjJrGAPSw,blink-182,blink-182,I Miss You,https://p.scdn.co/mp3-preview/0769a6d42496b903ea09e2907bc1dc9a84b3ba93?cid=d8a5ed958d274c2e8ee717e6a4b0971d,
44,1p5kC161fWMA2QlwV3Vi4W,Eamon,I Don't Want You Back,Fuck It (I Don't Want You Back),https://p.scdn.co/mp3-preview/2e1f0b08309611b4a6230bf40383e5cb3e43cd69?cid=d8a5ed958d274c2e8ee717e6a4b0971d,
45,2NM4ZRHdJF4KkEJIfHgK5B,Marvin Gaye,Let's Get It On / Here My Dear,Anna's Song,https://p.scdn.co/mp3-preview/02cc0d518d0c52fe014dacdfef2a4aabb78575f0?cid=d8a5ed958d274c2e8ee717e6a4b0971d,
46,34W9HFQXr7x9mHjtLFWCoI,K.I.Z,Hurra die Welt geht unter,Freier Fall,https://p.scdn.co/mp3-preview/d51b1e975fbb69bd1387e20f0631c0d119c8e406?cid=d8a5ed958d274c2e8ee717e6a4b0971d,
47,35PYCZLdGi3gRMdA26dZ59,Bic Runga,Drive,Sway,,
48,3DK6m7It6Pw857FcQftMds,Pusha T,My Beautiful Dark Twisted Fantasy,Runaway,https://p.scdn.co/mp3-preview/a1f828c57ecf2b61cee888d956e5b59aebb14610?cid=f6a40776580943a7bc5173125a1e8832,
49,3F18I7LhWKxlf1PytSoTBH,Kanye West,808s & Heartbreak,Welcome To Heartbreak,,
50,3NWTRZ0A8xKlBP1qgNftql,The Internet,Special Affair,Special Affair,,
51,3V35bKSSm4usoSPjdaRGMx,Majid Jordan,The Space Between,Gave Your Love Away,https://p.scdn.co/mp3-preview/5573cb264489bed4c13a0b921130505993ee7819?cid=d8a5ed958d274c2e8ee717e6a4b0971d,
52,3qj1v267X5kiuONBDbkocY,A.CHAL,Welcome to GAZI,Vibe W/U,https://p.scdn.co/mp3-preview/633c6e48455a5c4b845acb864cced1d57905e929?cid=d8a5ed958d274c2e8ee717e6a4b0971d,
53,4osgfFTICMkcGbbigdsa53,Frank Ocean,R&B The Collection 2011,Novacane,https://p.scdn.co/mp3-preview/a676ccf07cea06b1a4626d919370a92189e2f64a?cid=d8a5ed958d274c2e8ee717e6a4b0971d,
54,4rHZZAmHpZrA3iH5zx8frV,Justin Timberlake,Songs For The Philippines,Mirrors,,
55,4tc0KKQUvnrSZhZz2slTHF,The Internet,Purple Naked Ladies,Cocaine,https://p.scdn.co/mp3-preview/da959894515d85a84f922c18ee58a1b4728f6dc9?cid=d8a5ed958d274c2e8ee717e6a4b0971d,
56,5E30LdtzQTGqRvNd7l6kG5,The Neighbourhood,Wiped Out!,Daddy Issues,,
57,5LiQ64tjVA70LNTC7XhK9e,PARTYNEXTDOOR,PARTYNEXTDOOR TWO,Sex On The Beach,https://p.scdn.co/mp3-preview/2c63a38485a9998b6654dd03c452452f3e794ac8?cid=d8a5ed958d274c2e8ee717e6a4b0971d,
58,5e5MKPtJuFb8NaeSEyV5gD,Kanye West,808s & Heartbreak,Say You Will,,
59,5fohLPNqO6TqwrZ7BoUWUT,The Weeknd,Trilogy,High For This,https://p.scdn.co/mp3-preview/43eac3bfcff056b235649f096f93f604a2639995?cid=d8a5ed958d274c2e8ee717e6a4b0971d,
60,6JRzJifHgthhFHfeSUSk65,Mahalia,Sober,Sober - Acoustic,https://p.scdn.co/mp3-preview/7a803bfa7dd83e735b148d799d1fd6d649b27c3f?cid=d8a5ed958d274c2e8ee717e6a4b0971d,
61,6LGwYMXXgURfaequXipzHx,Alicia Keys,The Collection,You Don't Know My Name,https://p.scdn.co/mp3-preview/28a81a94bfc581dd2122efc323520812c17d7a45?cid=d8a5ed958d274c2e8ee717e6a4b0971d,
62,6PVuMhSlLOt7QHhIkNyvii,Tom Misch,Memory,Memory,https://p.scdn.co/mp3-preview/573b0aba4d7921ac53316ef526f3dd3d82e3eb33?cid=d8a5ed958d274c2e8ee717e6a4b0971d,
63,6piGXG0H9AybPDVnwwIMao,Kehlani,SweetSexySavage,Do U Dirty,https://p.scdn.co/mp3-preview/0a58d479ee8bbba87b0d995577765cb01954902d?cid=d8a5ed958d274c2e8ee717e6a4b0971d,
64,7AQim7LbvFVZJE3O8TYgf2,XXXTENTACION,17,Fuck Love (feat. Trippie Redd),https://p.scdn.co/mp3-preview/c82958b8b135299e17cb3465048032e6dc7fc98e?cid=d8a5ed958d274c2e8ee717e6a4b0971d,
65,7Lf7oSEVdzZqTA0kEDSlS5,Justin Timberlake,Justified,Cry Me a River,,
66,7jOM0KIKgIppqIEvEjixaj,Beth Hirsch,Moon Safari,All I Need (feat. Beth Hirsch),,
67,0KQx6HOpJueiSkztcS0r7D,Alicia Keys,The Collection,Fallin',,
68,1VZLEW5ZfcAbKZ94XQiSZF,Frank Ocean,Blonde,Close To You,https://p.scdn.co/mp3-preview/b38cb6040ff434aa3585110324a9b89c633d7120?cid=d8a5ed958d274c2e8ee717e6a4b0971d,
69,46X8c9qJzpBLYcos3OX0CE,The Weeknd,Thursday,The Zone,https://p.scdn.co/mp3-preview/d55be37c9a9e37cf2784acc05ff54011af69b325?cid=d8a5ed958d274c2e8ee717e6a4b0971d,
70,6F9jdzX7CfixvCsCkW7zw9,Blue,Sorry Seems To Be The Hardest Word,Sorry Seems To Be The Hardest Word - Feat. Elton John,https://p.scdn.co/mp3-preview/1d9b082da6c92b311244db107117f9ad3c11ef76?cid=d8a5ed958d274c2e8ee717e6a4b0971d,
71,6SwRhMLwNqEi6alNPVG00n,Kendrick Lamar,DAMN.,LOYALTY. FEAT. RIHANNA.,https://p.scdn.co/mp3-preview/fd58fc4ca18672423f3f31a93f5672a1f89941ab?cid=d8a5ed958d274c2e8ee717e6a4b0971d,
72,0Lgk4pD3Y0iE9w2xDilhjj,Joomanji,Manj,Spread Too Thin (feat. Lindsay Olsen),,
73,0Y0JVqSlj8J512B5kjKekP,Moonchild,Be Free,Back to Me,,
74,0oz3Beex42DL7nabhLknBd,Rapsody,Laila’s Wisdom,Nobody,https://p.scdn.co/mp3-preview/8eaaba96e4dd1ff1c8e3a85ed8c3ca2d008a3ca9?cid=d8a5ed958d274c2e8ee717e6a4b0971d,
75,19GxZZECG7HLXPCxIa99zD,Hiatus Kaiyote,"Recalibrations, Vol. 1",Nakamarra (Rox N Stix Desert Mix),,
76,1Mzf63ecHw1iZNS2Zhp6ac,PJ Morton,In My Mind,Man Down,https://p.scdn.co/mp3-preview/907610656047d0b5d7bd8a2c11694659142b7ac4?cid=d8a5ed958d274c2e8ee717e6a4b0971d,
77,1goN1TN8DZDLRNizMciiho,Matt Martians,The Drum Chord Theory,Dent Jusay,https://p.scdn.co/mp3-preview/4e1d4d765f2ceee437650869c1eaf1dedf1ad47d?cid=d8a5ed958d274c2e8ee717e6a4b0971d,
78,1lfHff4wdmV8VXrMaYKdoP,Black Party,Mango,Swang My Way,https://p.scdn.co/mp3-preview/a910370159b2b21da74323c5284e03e6870a9717?cid=d8a5ed958d274c2e8ee717e6a4b0971d,
79,2LdbF40p7euLqEsaxpt70i,Duckwrth,Bernal Heights,Bernal Heights,https://p.scdn.co/mp3-preview/b7621e246e74fd050470a52f770d82d91abcbea7?cid=d8a5ed958d274c2e8ee717e6a4b0971d,
80,2MJBTjDGNum1zpODeH3pum,Phony Ppl,Yesterday's Tomorrow,HelGa.,https://p.scdn.co/mp3-preview/b9f3fdffc68a42c71d24a22b1b69ea8cdaee62bd?cid=d8a5ed958d274c2e8ee717e6a4b0971d,
81,2QmJfxcWEMuT1gDqmTdjEv,Leven Kali,Joy,Joy,https://p.scdn.co/mp3-preview/338e6ed29a4d4ec09205ac8d80de1faca45a69fc?cid=d8a5ed958d274c2e8ee717e6a4b0971d,
82,37Z5gTlgMHD2iCorfOr0L9,Joomanji,Manj,Where Are You? (Love for JL) [feat. Copasetic & Lindsay Olsen],,
83,3DlgDXIYtnWtJKiB8bZQMv,Jean Deaux,Bucket List Project,Photosynthesis,,
84,3VeuvRWfJLSOzeVPrgi5MR,Ari Lennox,PHO,Night Drive,https://p.scdn.co/mp3-preview/8bbaba8d9d847f68bad3961751d6d5e53f57a137?cid=d8a5ed958d274c2e8ee717e6a4b0971d,
85,3XRosKfSgFSDIb6YVpApIl,LION BABE,Begin,Treat Me Like Fire,,
86,4SnvGQ7wRoFpxPKXmwJJMr,Rapsody,The Idea Of Beautiful,Good Good Love (feat. BJ The Chicago Kid),,
87,4Z9npQ93MrnIkRcTBKwSa3,Steve Lacy,Steve Lacy's Demo,Looks,https://p.scdn.co/mp3-preview/3e1ea3acdb998b87cb37e02640431837becae3fb?cid=d8a5ed958d274c2e8ee717e6a4b0971d,
88,5LWKsMeXaYBoKzCHk8syQy,LION BABE,Rockets (feat. Moe Moks),Rockets (feat. Moe Moks),,
89,5Wbjjde5ez7sx22OtmrXKV,Leven Kali,Smile,Smile,,
90,65OzTXP2Atva3eOmfKpKOP,Rayana Jay,Morning After,Everything,,
91,6JvfBzqZmSiEG5MjM7OcSY,Cam O'bi,Telefone,Diddy Bop (feat. Cam O'bi & Raury),https://p.scdn.co/mp3-preview/3e6522b528fdd0679536ec777a754efbdfb9c631?cid=d8a5ed958d274c2e8ee717e6a4b0971d,
92,6j328qpqI6nScYgOTW5rBl,Isabella,Love Inside,Love Inside,https://p.scdn.co/mp3-preview/4a75f7cb7b844577a2c2962479387ced5382d3f1?cid=d8a5ed958d274c2e8ee717e6a4b0971d,
93,79SwPJfANsJt3PRxlc6mQb,Slum Village,Yes! (Instrumentals),Yes! - Instrumental,https://cdns-preview-5.dzcdn.net/stream/c-5d4e09f0f6438f880a4c3c8be6899823-3.mp3,
94,7jFbOudqQuRltEVWMguYWc,Abhi//Dijon,Ignore,Ignore,,
95,1h2LHhmyAXi8tPNLi806JA,Saba,Telefone,"Shadow Man (feat. Phoelix, Smino & Saba)",https://p.scdn.co/mp3-preview/dc6c660a43e07de73cb2607ecb18eff2d1930194?cid=d8a5ed958d274c2e8ee717e6a4b0971d,
96,3Zya4lXzYb2mW4FneXJX8e,BJ The Chicago Kid,In My Mind,Intro (Inside My Mind),https://cdns-preview-7.dzcdn.net/stream/c-72716b3299398fabcbe0d08b7867405a-6.mp3,
97,5MjAFPcmrR1DYCgZrXCN4d,BJ The Chicago Kid,In My Mind,Turnin' Me Up,https://p.scdn.co/mp3-preview/53b858e56d041d7a909912a391f518a1fea958d8?cid=d8a5ed958d274c2e8ee717e6a4b0971d,
98,6PmnGYDsruYLBNY4Rpx4t9,Buddy,In My Mind,Church,https://p.scdn.co/mp3-preview/989608bfac5fb3602faf76263efd1f875a79ca20?cid=d8a5ed958d274c2e8ee717e6a4b0971d,
99,6ss9pV5sKKYinhZAmIWhJe,Jerry Paper,Primary,Gotta Know (feat. Jerry Paper),https://p.scdn.co/mp3-preview/c116cb3f8740eecfb91de81f1e24b5f6d5d05649?cid=d8a5ed958d274c2e8ee717e6a4b0971d,
100,0aDQevECiy9BeCtyNeVgp0,Brandy,Brandy,Give Me You,https://p.scdn.co/mp3-preview/3ceaf11a52e721d060c8a569045e45fb2b22871e?cid=d8a5ed958d274c2e8ee717e6a4b0971d,
101,0wDPw6OTxg0yMe5M7nusEs,Jay Prince,Befor Our Time,4u/Lately,https://p.scdn.co/mp3-preview/4e43bf0564684f27024b1b30837d487da0b55123?cid=d8a5ed958d274c2e8ee717e6a4b0971d,
102,1IgePMOW0qEe1AViWgkal9,Isaiah Rashad,Ctrl,Pretty Little Birds,https://p.scdn.co/mp3-preview/08231ef44bdc322bab41d6c27b09c0ca309ffcc5?cid=d8a5ed958d274c2e8ee717e6a4b0971d,
103,1eQXOW0ouxAFMYhppeQEQ0,Amel Larrieux,Ice Cream Everyday,A Million Sapphires,https://cdns-preview-6.dzcdn.net/stream/c-62a2fc8e4d7caccdde3f70e133dbdad2-3.mp3,
104,1l7xvA5XajmKQDo1h8Vc3K,Vinia Mojica,Train Of Thought,Blast,https://p.scdn.co/mp3-preview/13aac6d791ab981b8e64c3ad51a5da0ad8d0ed6e?cid=d8a5ed958d274c2e8ee717e6a4b0971d,
105,2DIqPQY9scuv8IeJA1Ouep,Supreme Jubilees,It'll All Be Over,Do You Believe,,
106,2eqKwhxCfBLpM7wSJ583Nr,Ponzu Island,Los Amantes,Super Koto - Original Mix,https://p.scdn.co/mp3-preview/53d2840fa372767ef440ddee58d539f9f94b2ca2?cid=d8a5ed958d274c2e8ee717e6a4b0971d,
107,2wWJDCXw76f7s1EqaNCYps,Jill Scott,The Real Thing: Words And Sounds Vol. 3 Deluxe Limited Edition,Imagination/Crown Royal Suite,https://p.scdn.co/mp3-preview/f8d8c57ff382a7a6993120ebc452d2a8962e80f7?cid=d8a5ed958d274c2e8ee717e6a4b0971d,
108,397fxHew7NyjryGWGr1Imy,Minnie Riperton,Adventures In Paradise,"Baby, This Love I Have",https://p.scdn.co/mp3-preview/24307e7cb7b46a6b21a1a8c8faf0b4eab35f8f62?cid=d8a5ed958d274c2e8ee717e6a4b0971d,
109,3CX4Ygh1Wb7yYO0BQGhNyJ,Nas,Life Is Good,Bye Baby,https://p.scdn.co/mp3-preview/8eb8c01c92d5e8494b8559dc3e8d5ce4fa25f2e7?cid=d8a5ed958d274c2e8ee717e6a4b0971d,
110,3TfRRxG56lHDrunbXrNRwX,Robin Beanland,Killer Instinct: Season One Soundtrack + Original Arcade Soundtrack,K.I. Feeling (Original Arcade Soundtrack),,
111,3iVcZ5G6tvkXZkZKlMpIUs,Kendrick Lamar,To Pimp A Butterfly,Alright,https://p.scdn.co/mp3-preview/fa46472aee0e474c7dbd525fcd5fd4ac8e14e426?cid=d8a5ed958d274c2e8ee717e6a4b0971d,
112,44xoXOb6jBi9rUnjYA68Jr,9th Wonder,Tutankhamen (Valley Of The Kings),JustMyThoughtsSoul!!!!,https://cdns-preview-f.dzcdn.net/stream/c-f1a61f420219d83bdebcd63aa75f21c5-3.mp3,
113,4UeSleTsjljEIdEGRdVggm,Nohelani Cypriano,Lihue,Lihue,https://p.scdn.co/mp3-preview/86d2ad9f15e7e81c553a755af08e0617e94cae2b?cid=d8a5ed958d274c2e8ee717e6a4b0971d,
114,4Uv65Xq0mnBeR3JNc0e7I0,Amel Larrieux,Ice Cream Everyday,I Do Take,https://cdns-preview-b.dzcdn.net/stream/c-b9ce84027a495a74d473b484ff14ea3b-3.mp3,
115,4h5OlyjUj0CoaT9e51OEEo,Amel Larrieux,Ice Cream Everyday,Berries and Cream,https://p.scdn.co/mp3-preview/2b5fe9dff966a38d6d82654a11e63e3c7f52099d?cid=d8a5ed958d274c2e8ee717e6a4b0971d,
116,54xGPUVmBOgggUe1InTl1V,Slum Village,Late Night Tales: Another Late Night - Zero 7,Jealousy,https://p.scdn.co/mp3-preview/8ec1e9211bd705c081f06d01403387f1a3127cec?cid=d8a5ed958d274c2e8ee717e6a4b0971d,
117,56Tci8VFMXjEAx6pCqVbP3,Nas,Stillmatic,Destroy & Rebuild,https://p.scdn.co/mp3-preview/05bc8e479c0403016fc932471d4c4e51fb914c62?cid=d8a5ed958d274c2e8ee717e6a4b0971d,
118,5EUPK2x1wJ5bERxjQ47lKv,Tom Misch,I Wish,I Wish,https://p.scdn.co/mp3-preview/568380c0da4c46d1e3de15a93a75b988b71c93b6?cid=d8a5ed958d274c2e8ee717e6a4b0971d,
119,5xbDzjo2PYqeLv7DWqTGB3,Nas,Stillmatic,2nd Childhood,https://p.scdn.co/mp3-preview/b2fe2280ea23971a04ac79c8c526cc55462692f9?cid=d8a5ed958d274c2e8ee717e6a4b0971d,
120,6V5L99nGuMyJ1XlPCVNOcd,Slum Village,"Slum Village Greatest Hits, Vol. 2",Climax (Girl Shit),https://p.scdn.co/mp3-preview/23b72d111937b02dc0065f165abb2866ec53d9e2?cid=d8a5ed958d274c2e8ee717e6a4b0971d,
121,6dRj771QZr0KOQVwaB6ykM,InI,Center of Attention,Grown Man Sport,https://p.scdn.co/mp3-preview/28849272bcaab692ce1519b0e9bd76a87aef0aff?cid=d8a5ed958d274c2e8ee717e6a4b0971d,
122,6iMeiLpoD5YomwLbAXqYe2,Zo!,ManMade,We Are On The Move (feat. Eric Roberson),,
123,6ubNZ5edKBKH3MQKatUY3S,Fabolous,4 Ever (feat. Fabolous),4Ever (feat. Fabolous),,
124,6xYKDcrTl36jQq7gCXbbyR,Amel Larrieux,Ice Cream Everyday,Ur the Shhh,https://cdns-preview-a.dzcdn.net/stream/c-ab83fbc7f1b5c7e8fbef3f2bce7dc934-6.mp3,
125,72hFOhhhnOJZnnp6uVOgPn,Rapsody,To Pimp A Butterfly,Complexion (A Zulu Love),https://p.scdn.co/mp3-preview/e67e3f2775df43358bd9bb02e7d48ae7b482a0d6?cid=d8a5ed958d274c2e8ee717e6a4b0971d,
126,7BiqCOsctkaGb7KU8NbKUw,Phonte,Tigallerro,Thru the Night,,
127,7FPjgmL65356wLQOrsWRg1,The Foreign Exchange,Leave It All Behind,Take Off The Blues,,
128,7HqhEdHC2q76pjY3vlHuzp,Amel Larrieux,Ice Cream Everyday,Danger,https://cdns-preview-2.dzcdn.net/stream/c-2e6f2aaad149d7010d539de74dd6b1cf-3.mp3,
129,7LaI3mRTJu66r9HKdv7iBx,Brent Faiyaz,Sonder Son,Gang Over Luv,https://p.scdn.co/mp3-preview/7a5f55d8d5336c32ea040b79c7806015f5461456?cid=d8a5ed958d274c2e8ee717e6a4b0971d,
130,7hdWVA2AVIziwGIFnlONVI,Amel Larrieux,Ice Cream Everyday,You Don't See Me,https://cdns-preview-b.dzcdn.net/stream/c-b333ae417f778b9f413e9c5d721637e8-3.mp3,
131,7rrPANmUDxWbA9e6rtenLa,Bentley,Everybody,Everybody,https://p.scdn.co/mp3-preview/55b3ea974a2195c40fe948e6e5de895aff512bbb?cid=d8a5ed958d274c2e8ee717e6a4b0971d,
132,0hihs6rrk3eL2iRS0xzmpX,The Foreign Exchange,Love In Flying Colors,"Better (feat. Shana Tucker, Eric Roberson)",https://p.scdn.co/mp3-preview/3ab542d4a8ad654eee0f29d22cdc5f93f309e17d?cid=d8a5ed958d274c2e8ee717e6a4b0971d,
133,0iuentwA8Lmurik4SaBVUb,Syd,FIN,Insecurities,https://p.scdn.co/mp3-preview/c169748ecde9e04470667e1c9ac861cf5c479bb7?cid=d8a5ed958d274c2e8ee717e6a4b0971d,
134,0piJU93aR63B2svvpA2YKM,Jitwam,selftitled,thelove,https://p.scdn.co/mp3-preview/b3436882e8eb69eb6bc391d5fe8ec38fbba3f44b?cid=d8a5ed958d274c2e8ee717e6a4b0971d,
135,6iWs0J0CnadMMbxLQtZrCG,Kem,Kem Album II,I Can't Stop Loving You,https://p.scdn.co/mp3-preview/127603b54b2f54b6cb89390b69839ccbf00ff22e?cid=d8a5ed958d274c2e8ee717e6a4b0971d,
136,6nTcn8CybBcx0t7IaXEJ6O,"Supa Engineer ""Duro""",My Name Is Joe,Thank God I Found You - Make It Last Remix Edit,https://p.scdn.co/mp3-preview/1fe7aae17a0fd9c8acef9b16151d60ea779d9975?cid=d8a5ed958d274c2e8ee717e6a4b0971d,
137,0GnZ9i0DsWh3Xq82qJ7zKB,Mr. Mister,Go On,Something Real (Inside Me/Inside You),,
138,0Gy2Mq49a3qb79jwlEa59o,Roxy Music,Flesh And Blood,My Only Love,https://p.scdn.co/mp3-preview/2e8b6a3db8c527a5d96bab869eae3de627234749?cid=d8a5ed958d274c2e8ee717e6a4b0971d,
139,0MyY4WcN7DIfbSmp5yej5z,Daft Punk,Homework,Da Funk,https://p.scdn.co/mp3-preview/841dd11c8b2389a226d719b79e00fd8219170edc?cid=d8a5ed958d274c2e8ee717e6a4b0971d,
140,0hCG6eZBCYQkdCOpVBXahR,Paavo Siljamäki,Ordinary World,Ordinary World - Above & Beyond Remix,https://p.scdn.co/mp3-preview/7f4e55b8967f8208658e6586024a837aaf49ada2?cid=d8a5ed958d274c2e8ee717e6a4b0971d,
141,0lJK5ZmN9K4IaEi6QHj5W8,Duran Duran,Duran Duran,Is There Something I Should Know,https://p.scdn.co/mp3-preview/564e3661be8fff55d276ecd17b1e2c40ad591d19?cid=d8a5ed958d274c2e8ee717e6a4b0971d,
142,1Kqpas8RFkPrhhHUciTZzt,Foreigner,Head Games,Rev On The Red Line,https://p.scdn.co/mp3-preview/79cb62ae03abc24ac5fbf048a09b180270d72735?cid=d8a5ed958d274c2e8ee717e6a4b0971d,
143,1wrT33b6HuKlpk9ziscEUY,Rod Stewart,Body Wishes,Baby Jane - 2008 Remastered Version,,
144,23mkKrQmbtEARwmO846yj8,KISS,Kiss Remastered Version,Cold Gin,https://p.scdn.co/mp3-preview/495c1c58ad1ad4fcd44f6da80198ee29b215f2cd?cid=d8a5ed958d274c2e8ee717e6a4b0971d,
145,26fZwf1ImE4aUJ4XaqOkUg,Scorpions,Blackout,No One Like You,https://p.scdn.co/mp3-preview/15f1ef5df6332ea2cecedbeda1877469b9128ecf?cid=d8a5ed958d274c2e8ee717e6a4b0971d,
146,2FAL6hxj5Qxuj0kWOkEOsF,Cyndi Lauper,She's So Unusual,She Bop,,
147,2yBVeksU2EtrPJbTu4ZslK,The Doobie Brothers,Minute By Minute,What A Fool Believes,,
148,3MrRksHupTVEQ7YbA0FsZK,Europe,The Final Countdown,The Final Countdown,,
149,3tZm76otWH20xzJC7icHCk,Angie Stone,Mahogany Soul,Wish I Didn't Miss You,,
150,4SlCb8n5Jw52astU7GWPyV,Jackson Browne,The Next Voice You Hear - The Best Of Jackson Browne,Somebody's Baby,,
151,5HAv1Ckfe50DUjv8ghwTrz,Janet Jackson,The Rhythm Nation Compilation,Escapade,https://p.scdn.co/mp3-preview/0728fafe77fa33ac823b814ddaac338b075a6a2d?cid=d8a5ed958d274c2e8ee717e6a4b0971d,
152,5vM8xMswH4MzinpWjQ3snK,Oakenfold,The Matrix Reloaded: The Album,Dread Rock,https://p.scdn.co/mp3-preview/b41517c68cae3c788d2907fad265b182a805d3c5?cid=d8a5ed958d274c2e8ee717e6a4b0971d,
153,5wkeuyd8h0oEbfE1Zop8Bt,Phil Collins,Brother Bear,No Way Out (Theme from Brother Bear),https://p.scdn.co/mp3-preview/043b03f6992f663119c056ab54c30987acb23d83?cid=d8a5ed958d274c2e8ee717e6a4b0971d,
154,6N1sNzq3CArC1pMSaZTxaT,Van Halen,For Unlawful Carnal Knowledge,Right Now,https://p.scdn.co/mp3-preview/687a33953d2422ed8c93132f7afe3f7381596674?cid=d8a5ed958d274c2e8ee717e6a4b0971d,
155,6SUrq9Bt2K5e0wgqjUfvpG,Cursive,Happy Hollow,Bad Sects,https://cdns-preview-3.dzcdn.net/stream/c-38d5d0de7ca04f7a915c7e72bc833ff6-4.mp3,
156,6e1ReKYhgYejJjpesV2C7p,Keane,Perfect Symmetry,Pretend That You're Alone - Demo,,
157,6ofNhSaXSg0TjprT1tJlDX,Simple Minds,Sparkle In The Rain (Deluxe),Book Of Brilliant Things - 2002 Digital Remaster,https://p.scdn.co/mp3-preview/c77aace49f4735ff334aeb755652fbabbf5f74d1?cid=d8a5ed958d274c2e8ee717e6a4b0971d,
158,7ynwkFhXbrQqnMIWqFfRUS,David Bowie,Station To Station,Wild Is The Wind - 2016 Remastered Version,https://p.scdn.co/mp3-preview/75ed6d114fb4015702d3865d228225a76d96713f?cid=d8a5ed958d274c2e8ee717e6a4b0971d,
159,00Jk0pSoXt92IT9yYNaFqt,Simple Minds,Real Life,See The Lights - 2002 Digital Remaster,https://p.scdn.co/mp3-preview/00ecc9359d07fa0861ce96db0449a397188c9b71?cid=d8a5ed958d274c2e8ee717e6a4b0971d,
160,0sajbvtKzol0PeerLCCmtM,The Cure,Japanese Whispers,Let's Go To Bed,https://p.scdn.co/mp3-preview/39eef01ad09d78d82793577409378e2eead1286d?cid=d8a5ed958d274c2e8ee717e6a4b0971d,
161,1ff8lsrJ2kuZuofMw81EQo,Duran Duran,Rio [Collector's Edition],Save A Prayer - 2009 Remastered Version,,
162,2lsfjv69zLgrXf6FOmYxVf,Duran Duran,Duran Duran [The Wedding Album],Breath After Breath,https://p.scdn.co/mp3-preview/09affededc647f13e8e0a11f017bc3fd7bdea524?cid=d8a5ed958d274c2e8ee717e6a4b0971d,
163,7cZGOY4qQlh54K6kjKxAPt,TOTO,Falling In Between,Bottom Of Your Soul,https://p.scdn.co/mp3-preview/d5b73bc8e12c378ced65d9431e49de6735e84bcc?cid=d8a5ed958d274c2e8ee717e6a4b0971d,
164,01g7gtqIi6oTWmZgUOHnq8,Snoop Dogg,Too Much Pressure,Too Much Pressure,,
165,1RD3w1TGHBPBTC3nskXQwj,MED,The Burgundy - EP,Burgundy Whip - Instrumental,https://cdns-preview-9.dzcdn.net/stream/c-9563a1b17019deb295ebec3e1c7fb1d9-2.mp3,
166,1SCzXOF68uJ1HQE2eY8fKk,Guilty Simpson,Dice Game,Wrong Hand,https://cdns-preview-0.dzcdn.net/stream/c-0665f18faef2b4c83404c6132955a103-10.mp3,
167,1mD38mfRjfhO02mkjBWyJB,Anderson .Paak,Bad Neighbor,The Strip,,
168,1rxbz8vhGvydIbOWkh60gw,Oddisee,Like Really - Single,Like Really,https://p.scdn.co/mp3-preview/868e068db695b860ac50406550a22aa29fded971?cid=d8a5ed958d274c2e8ee717e6a4b0971d,
169,25JXIE8PRud2ADT2ggbS26,InI,Center of Attention,Square One,https://p.scdn.co/mp3-preview/38a1e89b19755c4338362ecfac58267a7e5e3cb8?cid=d8a5ed958d274c2e8ee717e6a4b0971d,
170,2GFr1qKDZcByge6O956l2B,Blu & Exile,In The Beginning: Before The Heavens,Another Day,,
171,2GzcSJ4sCf1kaon4Z8hA5e,Statik Selektah,Extended Play,21 & Over,https://p.scdn.co/mp3-preview/25784deadf2ff3d559a3511eb0c5ee7e9d822c69?cid=50e1f7473be142b2b1c10718aa7a7cc9,
172,2KBo6O5rkNdtYT3wYjkEkq,Slum Village,"Fan-Tas-Tic, Vol. 2 (Radio Edit)",Fall In Love,,
173,2LRkEc37APzNy6ARbAPPdF,Rapper Big Pooh,Words Paint Pictures,Augmentation,,
174,2nL2eLJd5nRAi3FxG7B0Hh,"MED, Blu & Madlib",Bad Neighbor,The Stroll,,
175,3edrFaXc7OHQoLU22n4ThT,J Dilla,Motor City,Motor City 17,https://p.scdn.co/mp3-preview/7842f00447c297e647ceb5b67af0947c3c0effcc?cid=d8a5ed958d274c2e8ee717e6a4b0971d,
176,3ipzZgH1766XXRamVwk1Iw,Large Professor,The LP,I Juswanna Chill,,
177,54v6Kv41W8AKToCb14PmJD,Apollo Brown,Blasphemy,"H20 (feat. Pharoahe Monch, Rakaa Iriscience, & Indjnous)",,
178,59XfkUPhqn61BhHx21HYjL,Illa J,Spiders,Spiders,,
179,5HrgQn7A3F1st6UWiQIYgi,Large Professor,The LP,Dancin' Girl,,
180,5VezGILgwg3dfdFll5G6k3,Pete Rock,Soul Survivor,Take Your Time,https://p.scdn.co/mp3-preview/ed323b2da06d9e9f52a778677520b13e058bfbd8?cid=d8a5ed958d274c2e8ee717e6a4b0971d,
181,6W3oaSwcG6yAP761ozmozE,Guilty Simpson,Dice Game,Potatoes (feat. Torae),https://p.scdn.co/mp3-preview/1e055d185c16628741ae1274202683ab82dc3213?cid=d8a5ed958d274c2e8ee717e6a4b0971d,
182,6jn2A66ztgXPrpeNsdiGHE,Inspectah Deck,Tru Master EP,Tru Master,https://p.scdn.co/mp3-preview/b5ecc8c97a79ac657ebe3de1f19453397e1064d3?cid=d8a5ed958d274c2e8ee717e6a4b0971d,
183,6mBbycgdWgHMPNyJLCEoW6,"MED, Blu & Madlib",Bad Neighbor,Drive In,,
184,0GQ2Fki9is3eCfmPdFrgcV,U-God,Wu-Tang Meets The Indie Culture,Still Grimey,,
185,42SoWrrncUjW7BXZutONZA,Debi Nova,Yancey Boys,Sounds Like Love,,
186,6CnpkIZVsLMAbglvEkeRQ3,Guilty Simpson,Dice Game,Nasty (feat. Planet Asia),,
187,6EaNEcInL9XVCBNSdrlmDI,Illa J,Yancey Boys,All Good,,
188,6JCovOd8hOqZiY4qoJOLin,Apollo Brown,The Easy Truth,Payout,https://p.scdn.co/mp3-preview/17bb60b7893575b5d63b410f67451e973a909618?cid=d8a5ed958d274c2e8ee717e6a4b0971d,
189,02gIPDHCTuKgKEl2VlgPzt,Arch Enemy,Will To Power,Reason to Believe,https://p.scdn.co/mp3-preview/3399a53ff5d1051ceb2c7dc28feaac308c8fda87?cid=d8a5ed958d274c2e8ee717e6a4b0971d,
190,0HAr4QR1xI8nwC7VfzYidu,Slipknot,All Hope Is Gone,Dead Memories,https://p.scdn.co/mp3-preview/221db5764e5aadc7d7094a1675eaedf964246f02?cid=d8a5ed958d274c2e8ee717e6a4b0971d,
191,0O7lENhqOySbsL743G7PqD,Slipknot,Vol. 3: The Subliminal Verses [Special Package],Vermilion Pt. 2,https://p.scdn.co/mp3-preview/1f186b6b515553d269e621aeefc8b844639466c1?cid=d8a5ed958d274c2e8ee717e6a4b0971d,
192,0l7kAtIRWs8jxNe1fVsDol,Savage Circus,Dreamland Manor,Waltz of the Demon,,
193,0wjhE98kxWAOoZIIueFtg6,Caliban,Gravity,Left for Dead,https://p.scdn.co/mp3-preview/fc2b541aebaef9f16da93fa942f32889b6139f3a?cid=d8a5ed958d274c2e8ee717e6a4b0971d,
194,1Xp8idJ4Eqj083ZA86L35q,Slipknot,.5: The Gray Chapter (Special Edition),Be Prepared For Hell,https://p.scdn.co/mp3-preview/e34ec32a0565445044503ebda5b5609abb168f7d?cid=d8a5ed958d274c2e8ee717e6a4b0971d,
195,1n6Sjbo4PSItXTrWRjz1tj,2 Times Terror,Equals One Sudden Death,D.E.A.D,,
196,2QzRhBoeC7QYRbPkcyJc0l,Jared Dines,But Does It Djent,But Does It Djent,https://p.scdn.co/mp3-preview/720feb80f4a38c053f87f72f5345edacbfc39ed3?cid=d8a5ed958d274c2e8ee717e6a4b0971d,
197,2sAmk7SFgXBbMXBcvK1t3D,Witherscape,The Northern Sanctuary,Rapture Ballet,,
198,35HUNLeUS9NLsNXSAR5uzx,Ex Deo,The Roman,The Roman,https://p.scdn.co/mp3-preview/0a0f361a703d5e8edc9dbc067b9a70f73ee00dcb?cid=d8a5ed958d274c2e8ee717e6a4b0971d,
199,3HWokhsCwPCE8lXeX3M1Cd,Lyriel,Leverage,Leverage,,
200,3adChPcRTYNsu4sQBeg286,Eisregen,Hexenhaus,Elektro Hexe,,
201,49iA1o85yzomQPEXXiW4PI,Vanir,Onwards Into Battle,Sons of the North,,
202,4yZWsOh2oAxYSLt5d5K4YF,Harakiri for the Sky,Aokigahara,My Bones to the Sea,https://p.scdn.co/mp3-preview/4a274f8a0c1be935a74013c64b6a8547a0982b49?cid=d8a5ed958d274c2e8ee717e6a4b0971d,
203,50YhFX77yQc7t9NCvqjrwq,Nocturnal Rites,New World Messiah,Awakening,,
204,5GOfjX6UN5yyDkMGl8nrnn,Slipknot,Slipknot [US Digipak],Get This,https://p.scdn.co/mp3-preview/913b12ddc7b19db2b988f6a9ec9962e83515d6a0?cid=d8a5ed958d274c2e8ee717e6a4b0971d,
205,5WSG7bcMBJdvgzJOAGttAZ,Neaera,Armamentarium,Spearheading the Spawn,,
206,61mWefnWQOLf90gepjOCb3,Slipknot,Vol. 3: The Subliminal Verses [Special Package],Duality,,
207,6M3Qat8CTPMnagoVSSOXvI,Slipknot,Vol. 3: The Subliminal Verses [Special Package],Prelude 3.0,https://p.scdn.co/mp3-preview/1a1a15bfe28523f1ec2d5a0b8c9e4c383ac5f990?cid=d8a5ed958d274c2e8ee717e6a4b0971d,
208,6S0AArv40sFtBiPEt6cHfh,Valhalore,Voyage into Eternity,Guardians of Time,,
209,6u9DHHDicXMIFKOLfzxHwn,Alestorm,Skálstorm,Kvaðning,https://p.scdn.co/mp3-preview/9419c5057001367408244e4b477a48b2e498bbcc?cid=d8a5ed958d274c2e8ee717e6a4b0971d,
210,6zZl4RKS9pRRlQHIk4CG7A,Slipknot,Vol. 3: The Subliminal Verses [Special Package],Danger - Keep Away,https://p.scdn.co/mp3-preview/59c6b2ee1cd7a5b9d3066b4362cc6a255507c9ca?cid=d8a5ed958d274c2e8ee717e6a4b0971d,
211,7FQvFYg88JndjHvd5tBxwI,Dream Evil,Dragonslayer,The Chosen Ones,,
212,0Ud0WfZOV5JGgSgagaGS2v,Slipknot,.5: The Gray Chapter (Special Edition),The One That Kills The Least,https://p.scdn.co/mp3-preview/7eb09b03d30bf427ec4a30f76ad9859f5e773cf4?cid=d8a5ed958d274c2e8ee717e6a4b0971d,
213,3Lo5k2sWTvsF6Wv3JT9IRt,Catamenia,Cavalcade,Blood Trails,,
214,4GIdoc1DCiBovBVE8Lk5O6,Serpentine Dominion,Serpentine Dominion,Intro,https://p.scdn.co/mp3-preview/5463f92201d49366ba7a741b7a296bbcd75e8404?cid=d8a5ed958d274c2e8ee717e6a4b0971d,
215,7J0iOGtU4ckQV3Z2yib1kP,Adrenaline Mob,Omerta,Undaunted,https://p.scdn.co/mp3-preview/a41adbbf39d141ee1c7c9fd41b139486a0eb68d6?cid=d8a5ed958d274c2e8ee717e6a4b0971d,
216,7LBv83ZQoiqK0KBTrhDYFe,Mystic Prophecy,Ravenlord,Ravenlord,,
